code,region,population,foreigners,households,surface,density
6,Casablanca-Settat,6861739,31239,1559404,19448,352.82
4,Rabat-Salé-Kénitra,4580866,20212,1015107,18194,251.78
7,Marrakech-Safi,4520569,8636,928120,39167,115.42
3,Fès-Meknès,4236892,5728,919497,40075,105.72
1,Tanger-Tétouan-Al Hoceima,3556729,7453,799124,17262,206
9,Souss-Massa,2676847,4914,601511,53789,49.77
5,Béni Mellal-Khénifra,2520776,1262,520174,41033,61.43
2,L’Oriental,2314346,3954,494530,90127,25.67
8,Drâa-Tafilalet,1635008,796,277998,115592,12.37
10,Guelmim-Oued Noun,433757,347,90202,46108,9.41
11,Laâyoune-Sakia El Hamra,367758,777,78754,140018,2.63
12,Dakhla-Oued Eddahab,142955,888,29385,130898,1.09
